sites;;15400;Status;Emails trouvés;Réseaux sociaux;Dirigeant trouvé;Source du pattern;Email nominatif généré;Résultat SMTP;Serveur MX;Catch-all;Nb formats testés;Niveau de confiance
https://cdn.prod.website-files.com/622a2d15d504be72e4d7d832/695e4c673e73ead9bfa34786_CARTE%20MENU%20ALPIN.pdf;;;;;;;;;;;;0;
https://pullup-cerdanya.com/;;;;;https://www.facebook.com/pullupCerdanya/, https://www.instagram.com/pullup_cerdanya/;;;;;;;0;
https://www.yourtebienetre.com/;;;;;http://www.facebook.com/yourte.bienetre.1;;;;;;;0;
https://www.passionviaferrata.fr/via-ferrata-de-la-cascade-de-berard/;;;;;https://www.facebook.com/groups/439099353767917, https://www.instagram.com/passionviaferrata/;;;;;;;0;
http://www.haute-savoie-tourisme.org/nature/grottes/5826291-grotte-a-farinet;;;;;https://www.facebook.com/HauteSavoieTourisme, https://www.facebook.com/facebook;;;;;;;0;
http://www.lecafecomptoir.com/;;;;;;;;;;;;0;
http://www.vallorcine.com/;;;;;https://www.facebook.com/ChamonixMontBlanc/, https://www.instagram.com/chamonixmontblanc/;;;;;;;0;
https://ardeche.one/karst-arche-du-pont-d-arc-ardeche/;;;;;https://www.facebook.com/ardeche.one/;;;;;;;0;
https://www.grottechauvet2ardeche.com/;;;;communication@grottechauvet2ardeche.com, infos@grottechauvet2ardeche.com;https://www.facebook.com/grottechauvet2, https://www.instagram.com/grottechauvet2/;;;;;;;0;
https://museecanaldeberry.fr/evenements/location-de-bateaux-electriques/;;;;;https://www.facebook.com/MuseeCanalBerry;;;;;;;0;
http://www.valloire.com/;;;;;https://www.facebook.com/resavalloire/;;;;;;;0;
http://www.domainedevalliquerville.fr/;;;;;https://www.facebook.com/people/Domaine-de-Valliquerville/61550997305673/, https://www.instagram.com/domaine.de.valliquerville/;;;;;;;0;
http://www.bulles-and-body.fr/;;;;;https://www.facebook.com/bullesandbody/, https://www.instagram.com/bullesandbody/?hl=fr;;;;;;;0;
https://labaignade-valleroy.toolix.fr/;;;;;;;;;;;;0;
https://www.chateau-de-valleroy.fr/;;;;;https://www.facebook.com/Ch%C3%A2teau-de-Valleroy-%C3%A0-Vallerois-le-Bois-802606140092746/;;;;;;;0;
https://www.sport-bien-etre-corse.com/sports-aquatiques-corse/en-mer-camping-merendella.php;;;;;https://www.facebook.com/SportsBienEtreCorse/, https://www.facebook.com/basenautiquemorianiplage;;;;;;;0;
https://corsicacamping.com/;;;;;https://www.facebook.com/p/Corsica-Camping-100063649956326/;;;;;;;0;
https://www.cannes.com/fr/sport/piscines/piscine-montfleury.html;;;;directiondessports@ville-cannes.fr;https://www.facebook.com/villecannes, https://www.instagram.com/villecannes/;;email nominatif déjà trouvé sur le site (format non identifié);;;;;0;
http://www.kiddyparc.com/;;;;infos@kiddyparc.com;https://www.instagram.com/kiddyparc/;;;;;;;0;
http://creteil.iledeloisirs.fr/;;;;smeag@creteil.iledeloisirs.fr;https://www.facebook.com/creteil.iledeloisirs/?ref=pages_you_manage, https://www.instagram.com/creteil.iledeloisirs/?hl=fr;;email nominatif déjà trouvé sur le site (format non identifié);;;;;0;
http://www.limeil-brevannes.fr/;;;;;https://www.facebook.com/VilleDeLimeilBrevannes, https://www.facebook.com/profile.php?id=100057254897783, https://www.facebook.com/sharer/sharer.php?u=https%3A%2F%2Fwww.limeil-brevannes.fr%2Fbouger-sortir%2Fculture%2Fequipements-culturels%2Fboite-a-clous%2F+&t=Bo%C3%AEte+%C3%A0+Clous, https://www.facebook.com/sharer/sharer.php?u=https%3A%2F%2Fwww.limeil-brevannes.fr%2Fbouger-sortir%2Fculture%2Fequipements-culturels%2Fconservatoire%2F+&t=Conservatoire, https://www.facebook.com/sharer/sharer.php?u=https%3A%2F%2Fwww.limeil-brevannes.fr%2Fnous-contacter%2F+&t=Nous+contacter, https://www.instagram.com/limeil.brevannes/;;;;;;;0;
https://creteil-iledeloisirs.diptick.fr/;;;;;;;;;;;;0;
https://marseille-peypin.leboisdeslutins.com/fr/parc-loisirs/index;;;;;;;;;;;;0;
https://eclairdebienetre.fr/;;;;;https://www.instagram.com/eclairdebienetre/#;;;;;;;0;
https://pizzaqualita.fr/;;;;;https://www.facebook.com/100063652898867/albums/501895518608874/, https://www.instagram.com/pizzaqualita/;;;;;;;0;
https://www.jump-street.fr/;;;;;"https://www.facebook.com/jumpstreetpark, https://www.instagram.com/jumpstreetpark, https://www.instagram.com/p/Bzx5LPJhvsc/?utm_source=ig_embed&amp;utm_campaign=loading";;;;;;;0;
https://www.durance-luberon-verdon.com/valensole/route-de-la-lavande-du-plateau-valensole.html;;;;;https://www.facebook.com/DestinationPaysdeManosque/, https://www.instagram.com/destination.paysdemanosque/;;;;;;;0;
https://www.lavandes-angelvin.fr/;;;;;;;;;;;;0;
http://www.emotion-elle.fr/;;;;;https://www.facebook.com/EmotionnelleEnergetique/, https://www.instagram.com/emotionn_elle/;;;;;;;0;
https://terresdoc.vyv3.fr/CRPA;;;;;;;;;;;;0;
https://www.valencayberryvaldeloire.fr/;;;;;https://www.facebook.com/chatillonnaisenberry, https://www.facebook.com/officedutourisme.levroux, https://www.facebook.com/people/Destination-Valencay-Berry-Val-de-Loire/61555891463883/, https://www.facebook.com/people/Office-de-Tourisme-de-Valen%C3%A7ay/100046874123452/, https://www.facebook.com/sharer/sharer.php?u=https://www.valencayberryvaldeloire.fr/mentions-legales.html, https://www.instagram.com/p/DbU-j5pohiY/, https://www.instagram.com/p/DbVAV5So2Sx/, https://www.instagram.com/p/DblIva5ihtw/, https://www.instagram.com/p/Dbn48b0CMs4/, https://www.instagram.com/p/DcL9yqUCDr8/, https://www.instagram.com/p/DcNgEO4oRfl/, https://www.instagram.com/p/DcOaLt8If5t/, https://www.instagram.com/p/Dcgh7LXCB4r/, https://www.instagram.com/p/Dcgo_S6Moyo/, https://www.instagram.com/valencay.berryvaldeloire/;;;;;;;0;
https://www.institutesprit-beaute.fr/;;;;;;;;;;;;0;
http://www.les-barons-perches.com/;;;;;;;;;;;;0;
https://avovaldoie.fr/;;;;;https://www.facebook.com/avovaldoie90, https://www.facebook.com/avovaldoie90/, https://www.instagram.com/asso_val_doye/;;;;;;;0;
https://lesbullesdeclo.my.canva.site/;;;;;;;;;;;;0;
http://www.institutdebeaute-cybele.fr/;;;;;;;;;;;;0;
https://www.spasophia.fr/home;;;;;;;;;;;;0;
http://www.aventure-floreval.fr/?utm_source=gmb;;;;aventure@floreval.fr;https://www.facebook.com/aventurefloreval/, https://www.instagram.com/aventurefloreval91/, https://www.instagram.com/p/Dc8BNkKlIND/, https://www.instagram.com/p/DdCC54Vigwf/, https://www.instagram.com/p/DdLrYZhl5SI/, https://www.instagram.com/reel/DdJD9ChDRQa/;;email nominatif déjà trouvé sur le site (format non identifié);;;;;0;
https://www.piscinelarchipel.com/;;;;;https://www.facebook.com/piscinelarchipel, https://www.instagram.com/piscine_larchipel/?hl=fr;;;;;;;0;
https://www.gorgesdufier.com/;;;;info@gorgesdufier.com;;;;;;;;0;
https://sportsloisirsdesmontagnes.com/le-family-park/;;;;;https://www.facebook.com/Le-Family-Park-102722485818888/?ref=page_internal;;;;;;;0;
http://www.institutvaldanast.com/;;;;;https://www.facebook.com/institutvaldanast;;;;;;;0;
https://www.beautedessens.com/;;;;;https://www.facebook.com/BeautedessensSonia/;;;;;;;0;
https://www.provenceromaine.com/;;;;;https://www.facebook.com/Sites.Antiques.Vaison.la.Romaine, https://www.instagram.com/vaison.monumental/;;;;;;;0;
https://www.vaison-ventoux-provence.com/;;;;contact@vaison-ventoux-tourisme.com, joris@vaison-ventoux-tourisme.com;https://www.facebook.com/vaisonventouxprovence, https://www.instagram.com/vaison.ventoux.provence/;;email nominatif déjà trouvé sur le site (format non identifié);;;;;0;
https://www.franceloc.fr/camping-france-provence_alpes_cote_d_azur-malissonne-FR.html;;;;;http://www.facebook.com/pages/Campings-FranceLoc/111753221341, https://www.facebook.com/capfun, https://www.instagram.com/capfun_campings/;;;;;;;0;
http://massage-vaires-sur-marne.com/?utm_source=gmb&utm_medium=referral;;;;;;;;;;;;0;
http://www.bio-form-spa.com/;;;;;;;;;;;;0;
https://lepavillondelevidence.com/;;;;rgpd@lepavillondelevidence.com;https://www.facebook.com/lepavillondelevidence, https://www.instagram.com/lepavillondelevidence/;;email nominatif déjà trouvé sur le site (format non identifié);;;;;0;
http://www.indy-parc.com/;;;;;https://www.facebook.com/indyparc/, https://www.instagram.com/indyparc/;;;;;;;0;
